n,random_mean_cost,random_std_cost,random_mean_time_ms,greedy_mean_cost,greedy_std_cost,greedy_mean_time_ms,two_opt_mean_cost,two_opt_std_cost,two_opt_mean_time_ms,or_opt_mean_cost,or_opt_std_cost,or_opt_mean_time_ms,held_karp_mean_cost,held_karp_std_cost,held_karp_mean_time_ms
5,0.319159,0.083987,0.025,0.266719,0.054900,0.013,0.259914,0.047641,0.014,0.259914,0.047641,0.025,0.259914,0.047641,0.063
10,0.632917,0.063392,0.041,0.368865,0.038431,0.039,0.340112,0.025669,0.058,0.339357,0.024807,0.095,0.339357,0.024807,6.031
15,0.906271,0.114266,0.094,0.464566,0.035349,0.098,0.392725,0.021812,0.163,0.390101,0.018757,0.226,0.390096,0.018763,499.892
20,1.362502,0.112380,0.173,0.525925,0.065200,0.196,0.436485,0.012074,0.350,0.434370,0.013808,0.625,,,
30,1.883000,0.190495,0.328,0.578692,0.045095,0.294,0.495258,0.020604,0.552,0.486600,0.012852,1.277,,,
50,3.158197,0.146157,0.875,0.710953,0.030027,0.828,0.571616,0.017929,1.685,0.558297,0.014175,4.037,,,
